{
  "Version": 1,
  "WorkspaceRootPath": "C:\\Users\\UserGPC\\source\\repos\\EventManagement\\",
  "Documents": [
    {
      "AbsoluteMoniker": "D:0:0:{E246A798-C91B-45F1-89B9-C7FCAF22DBD9}|EventManagement\\EventManagement.csproj|c:\\users\\usergpc\\source\\repos\\eventmanagement\\eventmanagement\\models\\event.cs||{A6C744A8-0E4A-4FC6-886A-064283054674}",
      "RelativeMoniker": "D:0:0:{E246A798-C91B-45F1-89B9-C7FCAF22DBD9}|EventManagement\\EventManagement.csproj|solutionrelative:eventmanagement\\models\\event.cs||{A6C744A8-0E4A-4FC6-886A-064283054674}"
    },
    {
      "AbsoluteMoniker": "D:0:0:{E246A798-C91B-45F1-89B9-C7FCAF22DBD9}|EventManagement\\EventManagement.csproj|c:\\users\\usergpc\\source\\repos\\eventmanagement\\eventmanagement\\eventmanagement.csproj||{FA3CD31E-987B-443A-9B81-186104E8DAC1}|",
      "RelativeMoniker": "D:0:0:{E246A798-C91B-45F1-89B9-C7FCAF22DBD9}|EventManagement\\EventManagement.csproj|solutionrelative:eventmanagement\\eventmanagement.csproj||{FA3CD31E-987B-443A-9B81-186104E8DAC1}|"
    },
    {
      "AbsoluteMoniker": "D:0:0:{E246A798-C91B-45F1-89B9-C7FCAF22DBD9}|EventManagement\\EventManagement.csproj|c:\\users\\usergpc\\source\\repos\\eventmanagement\\eventmanagement\\program.cs||{A6C744A8-0E4A-4FC6-886A-064283054674}",
      "RelativeMoniker": "D:0:0:{E246A798-C91B-45F1-89B9-C7FCAF22DBD9}|EventManagement\\EventManagement.csproj|solutionrelative:eventmanagement\\program.cs||{A6C744A8-0E4A-4FC6-886A-064283054674}"
    }
  ],
  "DocumentGroupContainers": [
    {
      "Orientation": 0,
      "VerticalTabListWidth": 256,
      "DocumentGroups": [
        {
          "DockedWidth": 200,
          "SelectedChildIndex": 1,
          "Children": [
            {
              "$type": "Document",
              "DocumentIndex": 2,
              "Title": "Program.cs",
              "DocumentMoniker": "C:\\Users\\UserGPC\\source\\repos\\EventManagement\\EventManagement\\Program.cs",
              "RelativeDocumentMoniker": "EventManagement\\Program.cs",
              "ToolTip": "C:\\Users\\UserGPC\\source\\repos\\EventManagement\\EventManagement\\Program.cs",
              "RelativeToolTip": "EventManagement\\Program.cs",
              "ViewState": "AgIAAAAAAAAAAAAAAAAAACcAAAAAAAAAAAAAAA==",
              "Icon": "ae27a6b0-e345-4288-96df-5eaf394ee369.000738|",
              "WhenOpened": "2024-10-03T23:09:29.167Z",
              "IsPinned": true,
              "EditorCaption": ""
            },
            {
              "$type": "Document",
              "DocumentIndex": 0,
              "Title": "Event.cs",
              "DocumentMoniker": "C:\\Users\\UserGPC\\source\\repos\\EventManagement\\EventManagement\\Models\\Event.cs",
              "RelativeDocumentMoniker": "EventManagement\\Models\\Event.cs",
              "ToolTip": "C:\\Users\\UserGPC\\source\\repos\\EventManagement\\EventManagement\\Models\\Event.cs",
              "RelativeToolTip": "EventManagement\\Models\\Event.cs",
              "ViewState": "AgIAAAAAAAAAAAAAAAAAAAAAAAAZAAAAAAAAAA==",
              "Icon": "ae27a6b0-e345-4288-96df-5eaf394ee369.000738|",
              "WhenOpened": "2024-10-21T18:02:07.933Z",
              "EditorCaption": ""
            },
            {
              "$type": "Document",
              "DocumentIndex": 1,
              "Title": "EventManagement",
              "DocumentMoniker": "C:\\Users\\UserGPC\\source\\repos\\EventManagement\\EventManagement\\EventManagement.csproj",
              "RelativeDocumentMoniker": "EventManagement\\EventManagement.csproj",
              "ToolTip": "C:\\Users\\UserGPC\\source\\repos\\EventManagement\\EventManagement\\EventManagement.csproj",
              "RelativeToolTip": "EventManagement\\EventManagement.csproj",
              "ViewState": "AgIAAAAAAAAAAAAAAAAAAA0AAAAAAAAAAAAAAA==",
              "Icon": "ae27a6b0-e345-4288-96df-5eaf394ee369.000758|",
              "WhenOpened": "2024-10-21T18:01:36.064Z",
              "EditorCaption": ""
            },
            {
              "$type": "Bookmark",
              "Name": "ST:0:0:{aa2115a1-9712-457b-9047-dbb71ca2cdd2}"
            }
          ]
        }
      ]
    }
  ]
}